,SpeedUp_C_Jl,SpeedUp_C_DG,SpeedUp_C_Jl_avg,SpeedUp_C_DG_avg
0,0.9953013038881712,1.462787454481382,0.7938909771251503,1.6120470169483052
1,0.7623159756541643,1.5790415335795664,0.7938909771251503,1.6120470169483052
2,0.7708479943701618,1.7040366379310345,0.7938909771251503,1.6120470169483052
3,0.7151912664524366,1.560428309195757,0.7938909771251503,1.6120470169483052
4,0.8381085488003728,1.8862987110800526,0.7938909771251503,1.6120470169483052
5,0.6815807735855948,1.4796894554220388,0.7938909771251503,1.6120470169483052
