,DOF,ncols,runtime,maxE
0,8192,256,325.7119042,0.0001369127694312855
1,4096,128,194.7222124,0.0008223982289616294
2,2048,64,91.47036600000001,0.004642505115443951
3,1024,32,48.10495750000007,0.02509508681026057
4,512,16,21.887132899999983,0.11544750712798962
5,256,8,11.972196499999995,0.35199980803427755
