,DOF,k,runtime,maxE
0,192,3,63.31999849999988,0.7132517138446701
1,384,4,240.66423940000004,0.18759478927614737
2,768,5,913.8492945999999,0.04064467870750832
