,DOF,nCellu,polyDegu,runtime,MAE
0,18,1,2,0.0643123,0.006861551942755603
1,36,2,2,0.06411760000000001,0.000547808384768575
2,72,4,2,0.1636218,3.327813508633565e-05
3,144,8,2,0.1842261,1.9074337236218986e-06
4,288,16,2,0.2654627,9.34455627113473e-08
