,DOF,nCellu,runtime,MAE
0,48,8,0.24597500000000003,0.006482708143990865
1,96,16,0.4025403,0.0014171109286982564
2,192,32,0.7720272,0.00026635736192894
3,384,64,1.5861166000000002,4.735767122096557e-05
4,768,128,2.8322106000000002,7.931755769116644e-06
5,1536,256,4.7966688,1.347741978782735e-06
