rtime,MAE,nCellu,DOF,polyDegu
3.7813422,0.006861551859246945,1,18,2
1.5321937,0.0005478083383391591,2,36,2
0.0361198,3.327812454199941e-5,4,72,2
0.054488,1.9074179068157004e-6,8,144,2
0.1617296,9.344422635670924e-8,16,288,2
