,DOF,ncols,runtime,maxE
0,1536,32,661.4045659,0.000276257281711878
1,768,16,300.76381260000005,0.0011855167784915466
2,384,8,147.58317909999994,0.005337975569716491
