runtime_e,maxE_e,runtime_i,maxE_i,DOF,nCellu,polyDegu,polyDegPoreu
6.2292187,0.0007710412930350685,5.4648511,0.0001758097690753857,480,2,4,1
14.5252153,5.434347764321501e-5,13.1419502,6.089637281547766e-6,960,4,4,1
39.8568384,8.148631422955077e-7,30.9677624,1.0410417417006101e-7,1920,8,4,1
7.827638,0.00040064962445285346,7.1584936,6.697216718976051e-5,576,2,5,1
17.2321061,6.045173222446465e-6,15.5302279,1.329168810570991e-6,1152,4,5,1
57.0003663,8.238697546403273e-8,47.7966233,2.1370226477301912e-8,2304,8,5,1
9.6007822,0.00011872069035234745,9.0060072,2.1449446478527534e-5,672,2,6,1
22.0730369,1.9282419430055597e-6,19.0716425,4.880237156612566e-7,1344,4,6,1
75.9759994,2.1054347598692402e-8,66.1964706,2.0852041870966787e-8,2688,8,6,1
