,SpeedUp,AvgSpeedUp,DiffMae
0,1.6091227810397253,1.4348577037737245,-2.6375340000700694e-10
1,1.6656822896802637,1.4348577037737245,-3.0752289603697136e-11
2,1.2427649083228565,1.4348577037737245,-5.4001247917635265e-12
3,1.7260023533442845,1.4348577037737245,2.2168933355715126e-12
4,1.5741318773564168,1.4348577037737245,1.7053025658242404e-11
5,0.9668136326274748,1.4348577037737245,4.396838448883533e-10
6,1.7377445467731802,1.4348577037737245,1.1823431126436199e-11
7,1.4750718770027282,1.4348577037737245,-2.2737367544323206e-13
8,0.9163850678165915,1.4348577037737245,4.2234660213580355e-10
