,SpeedUp_C_Jl,SpeedUp_C_DG,SpeedUp_C_Jl_avg,SpeedUp_C_DG_avg
0,0.5319445664587543,2.0747911040586846,0.4639133769354085,1.4871269080502092
1,0.3958821874120627,0.8994627120417339,0.4639133769354085,1.4871269080502092
