,DOF,nCellu,runtime,MAE
0,96,8,0.37863640000000004,0.060954959020558364
1,192,16,0.557957,0.017007445757703188
2,384,32,1.3663128,0.003788621039070461
3,768,64,2.4717487,0.0007367484236625588
4,1536,128,4.6111639,0.00013276671841710996
5,3072,256,10.440631900000001,2.2271901759574053e-05
