,DOF,nCellu,polyDegu,runtime,MAE
0,192,4,3,0.1581431,8.842303562833775e-05
1,384,8,3,0.2161933,3.160945488689393e-06
2,768,16,3,0.3851568,1.3137422583131553e-07
3,1536,32,3,0.7526402000000001,3.6463254082796936e-09
4,3072,64,3,1.5727523,1.4742002063528048e-10
