rtime,MAE,nCellu,DOF,polyDegu
3.1065509,8.842332130853947e-5,4,192,3
0.1928853,3.161173703303266e-6,8,384,3
0.4517728,1.3155775990814078e-7,16,768,3
1.0139559,3.804306203392116e-9,32,1536,3
3.7355142,3.7383190987227977e-10,64,3072,3
