,DOF,ncols,runtime,maxE
0,192,8,38.44561900000001,0.8251988508544521
1,384,16,69.45717239999999,0.21988246942612477
2,768,32,140.36260789999997,0.04490038476684877
3,1536,64,1186.4516295,0.008338453472316765
